Id,Label
96128322,brianjienoe
1559432922108948480,Syah6064
1823648872948019200,AlbertXenn
1818116727831687168,gandana888
832740950,mas_ich
289779509,rizkydhan88
1126639944,ANS210724
1511691554125414404,nrfm99
1781925471665745920,idrisbue_
949565918123667461,must_tons
985730749209788416,kipyiksamgong
1272953532535062529,_Rajawalinews
1722026196198993920,__r_i_k_i__
1709762053316239360,woniszekw
1303849158625824768,aguzvcc
1120911893663629312,RCTIPlus
1833480673790988288,LynxDryas
830113819691061248,farhanhandis
1290494259791933443,rasa2086
1274929087518138368,Olahbolacom
1594585729493237761,Kalderha
1728641409849376768,kesedyhan
1616066200928391169,BgWorkout
1641104358652903425,mrshubnerr
1390930671233683456,NuntiumFootBall
1455837998,dalilyyyy
1505001198164021248,pusat_siwo
1349594070096572417,Misugi25
1301767893525258241,teessauruss
594937618,alienjoy212
786549338818224128,akuratco
828546485654417408,hniphamz
1759925247984443392,pawrellkedua
1715491758283575296,foxintheboxidn
1769747874311712768,Tobatbola_
793809053092868096,falan45200875
1731302695599030272,RJazuli23
1438169862354866180,Ranisor_6
1710309382293004288,Nidyna10
974287085883412486,MochamadAntonF2
1832615679931150336,bangafuy
1643175421452910592,SalmanF99865546
113894509,tatagibrig
1626601642572546048,YoHan35375706
1349266626844061696,Hansunriko
1698262217525952512,upi_upi07
1511366323745394698,DavyRizqy
1573401732574769152,Waone57855433
1340941419125477376,kangketikk
1560286233699524608,gladsmmr
1389026624650108932,AmukRonggolawe
1421375897693614083,sluanybehapp
986159846,_shuijiao
1279216799318302720,sannauval
1285948981,rebonrobe
571473196,BejanVanDeBexs
1108633658,nabubuchan
1284287532914491392,zhef_77
1700745835972288512,Katadaniii_
747026118,abimanyuhyp
1789706298571055104,kazoehirow
1582725901,TaufanAbdullah
1817201862749356032,Mustopa16844467
1770721504122089472,abidintoto_news
1308591845098901504,goldenkoocs
1414335580054323203,hazlren
2265927348,libra___moon
1778380760346722304,seluvvv77
1735281918437187584,callmeketuwe_
1560753371748782080,tiaran693
1441368097655386115,kstmlm
1751288721633386496,luarlapangan_id
1375039892,sarmakhasby
1378189736364310528,seasiagoal
1378911463436288000,caepriecrxn_
1735916351108284416,miniminiegso
1476899351012143104,bungkikal99
701104584563912704,Alsyifa8Alsyifa
1757018869984903168,ollllofme
1374614400691105792,Rexthatch
1431646368,Hantulaut98
1566131487212470272,SyahPut97845832
799987901983375360,footballinanews
1796148743680692224,nikoio_
1826146668359958528,MuhammadSa97506
1676877679654731776,F4tiiiih
3547122252,fidodle
1671900194257117185,sebssvett
1328287367522701316,imponghafiedz
956544031877558272,mobolasax21
1779745444383621120,SaidHamidihoho
919256375124942850,_tuan_tanah
1770135456291991555,Denoys_
1256270921523802112,fiaxuserena
1222927522033094656,idextratime
1646882150363566082,miemince
73083745,IsFhm8
1462835313785458693,errytri119
1831963614603046913,tokoatkkaju
288232906,jreeennggg
751972013690859521,tweetnya_yudha
1409336663625506822,GKetebak
1764973663005315072,ayahxandes
1678970624251940864,stupendooooo
1832384840735584257,JagoAtap
1296783305363218432,cakeblancs
1289609698480492544,keibob_
1790416444175609856,Liliyara_
1010794647348604929,Dwiprasasti9
766988657475457024,eglamors
1809092434170949635,adeknyapicknava
1301950212,Psjwithluv
1066999237353734145,donieadhianto_
80304629,untumusumuk
936593778688831488,Dadikkurniawan1
1735851466601209856,arryookkkkkk
1440855397246455811,insecure_30
1551440506843832321,Anwars2410
1419927382731857922,28crathaco
1279878925,Ilhamuhammaad
1185690768779857920,manlikebrouluq
1303592762776776705,agus16rs
1147309753128779776,angkel_mutu
1751901686858440704,NASBAN182
1538233228859146241,bugfc_official
1682786333381758979,hereticphysics
1265839708157800448,CsLagu303
1399379807209545730,Reza45367536
1729613344418750464,democrashzy
1753797893272805376,rizky_maul_ana7
1638089010785685505,ngopisiang
1444129049547194371,hiicokk06
1568905331245486085,warto_ae
1731276159911084032,Thescorpioman14
287268983,RioHandan
911789407597817856,fanasional
1701580222209097728,justwannasha
1453724683027640324,SuwardiLuck
1206461981760163840,timnasnyaET
1098117872549650432,araychester
1488666215492960257,oimiceus
69194372,Ryan_Ramirez
1274895623733444608,suryakusumaaaaa
1427513038605889539,skiesunsedz
1792207496226230272,NotForestID
1652014231720697856,agussti21010394
1769451991124832257,NasionalBerita_
1184437530181038080,cuitanferdi
1663966797685743616,Mazayas22
1307225373390725120,Alt_Lim
1131910519781089280,chocoqueenligh2
712606002579779584,orangsabar_nava
253252241,tommynival
4130598552,miukufrend
1616097739556933636,nur_rzkn
396807036,Ternoda_
1828625267436462080,nanajungler31
27197792,GOAL_ID
1454461904059912204,marshal_tommy
1539635095983624195,Eyes2221
1405079048846385152,Naj_2709
1664621274583425027,meesalwi
1459530082582609920,lee_mrk22
1686920203681300480,AdipatiProperti
1553343720254148608,mausemuaa
619037713,eliana_brighid
1636710546857943040,eightiesw
23571062,alv_patrick
1662389136278581248,szzh05
135783107,detiksport
923071635313197057,senncoin
1599799674948681733,EndarTo44857464
33881148,edogunarsono
1827743210757836800,sasharchief
1817515535942438912,AcruqAxl
1326403656644763655,LaluLalang77
1192071663895973888,WGreborn
1544145887290568705,WartaKota5
2241499372,OnoNingAtiMu
1653373239505330177,clairooliver
101426317,MoXweet
2198402876,Arifin_Sahab
524374184,MasOjol_12
1496027035310845952,hhilgerss
1069202013206925313,beks_galon
276015661,boladiudara
1413176894837583877,zona_raya
1381384985400156162,sunw00_24
1664342814,ihvacrushonyou
1722508913650843648,mansionfcid
1807622891229605888,ke_gemini22020
895553436514635776,iamjunghyunrim_
110083476,abeltharaz
1783793304704040960,CobaDikenal
1535709571649482752,siPratama22
1180949132267016192,hidayatsport
1639038819143155712,turunminum_id
1621753342988017664,Zkyypir
1570966732290002944,BekelSego
1765773733615271936,ucihaobitoreal
2321774748,andi_achilles
1647014654072459265,cheunwwo
3143103589,JIHY0KU
960668225171111937,caknur1414
1611389800338137088,pakpejedani
951672831963676672,irawan_nadiaa
3261907663,HermawanadiCand
432126695,JaketKulitLover
1787788662295683072,Keep_Speak
1057158238779539456,catatankaqihati
134056083,kamar_agung
1281868392144572416,CopySalsabila
1537699604463898624,yuhbigwin
792201690665541632,GadgetUniks
1278728394079756289,Akbarri_
1208112582269095936,yokkkkss
435558176,wicaks9
2264081172,woodeiy
1534581205789974529,garislucugaruda
926123514716856321,greeisel
1815939638978306050,marlongmerah702
1415959785036410880,irnuasensio
1250311766568914944,yangpentingasyi
114102503,hadimustova
1419348367977504768,PesonaHatii
3257955258,alfi_amin
3826088906,MimpiJalani
1630468038402375683,abde_tweet
1683852341857112065,video_tribun
1782767963923267584,daiishere_
130862285,pms_bf
1379986899641622530,zunzda
1400441555186376708,carimak97985402
2202766236,Fadil_AOD
3231768295,akmalmaulana084
1423633859376123915,HIRAETH71dream
1780997459252264962,OtobekenNews
1446505675413082118,lumbungbola
1823665784138424320,man_tipsy
1258937919789662208,dynamite_hyung
1457636441899487235,jatengnetwork
1659779917721260034,rekomendasicnl
1431700241871302663,JunaFGid
1640554090567696385,uniqkan
1839792898520547329,0LaMasia196588
1810050435635646464,talber0424
939049135914676225,dkjakarta2024
1778827833856643073,nacimuraa
1619032887411761159,TirmanRezi
1274265030200930304,haefsi
1836931577898840064,StrategiB38789
1499977907074383874,ibenewsid
132859651,Rafiyutama
57665601,uukonen
883700299,BraderRandy
1578915857815973888,xampean
1506288655241216000,baworRockNRoll
1248028735695015937,sopisloki
132078023,officialinews_
1541068322363830273,miegorengwangi
1243730479083216897,chamomille_1411
1823362344438894592,meta88slotgg
1493227512960536578,Boc0raluss
1449335159874940929,Dodyeonn
1492658864973807618,deddy_ferdana
1831966336735649792,undanganaura
66623628,titui
1496351606811799554,Retweet98010012
224416814,dinekaputri
1795787987659497472,otwjadisultan
1078836596521291777,socializeless
1572940571731431425,LANDIE901
1467791375433302018,MomsJnM
1624867235352420352,bintangsI0t77
1806614417838411776,araapkpremm
1249313130473115650,joki_dokumen
1616093815303204869,PangilAja_Tian
3245750035,nonalinaku
994104244574666753,clovereeiya
1720727037013553152,trendingtopicsx
1131182453471625216,phosphorusiodin
1584018355719004160,ririnoriatin
1558465391814639616,BangrafieE
1785983930270949376,photomaticz
1813278399034761218,boopve
2778180499,lolalol___
1546720375655895040,Renanpicisan
1815979807760596992,Ismayani77
1767373840110469120,romisaputra_3
320308766,allucantwit
1442722911475814408,Alonesiacom
1732647577651453952,faren717728
1407919421092294657,DOKU_2000
1571536417448402944,SeJakarta_id
940477788959555584,bolaskorcom
1681860728880500736,SedotIdung_Babi
1830156323578920962,sellernyakpop
1282657963,ayundapanda_
1271667388488937472,MerahPutih2024
2773057176,hopbola
1189959402834423808,MirAcle__098
1400896654820085760,PelatihT1dur
1213343470133207040,scndpartshnsn
1049356199534055424,undernightstar
3314487517,DeviKhalifah
4859071771,rizalamri18_
1811035965018013696,mbok_sabar80
1614401104523194368,akin_sip
1264496480,sultonafkhar
74298739,0xiLBiscione
1815720443762085888,SiwiNurH144800
350768093,danielfridayana
996348433165266944,areyoudeal
1365497766252670984,Shevano17
219650907,dakups
1124324838,Bandem06
1806505636093730816,alisya_hak
130722152,cyendofc
1155017139671031809,Eil_Thia
1653329363126091778,P1NKYEW
1698242862,dimasraditya95
1535431476522909697,reyysavv
1326942591741390848,Yom_N_Friends
1697538249504501760,pikiranlugu
423513337,fachrydnasution
159763979,hilman__
1797257314661228545,NOELPR12
298641815,Coffee2Talks
77918080,auliazuswana
1718060847870947328,sampahplastic1
1749114620630228992,rerejimins
1697161146221076480,switfychviee
1558587702,maikalpdg
240983005,razakasri
137256674,Mariojay26
1817158581386686465,iddbid
1722220480357433344,lovelyy212_
1272069673996087296,jjk00kiee_
1655437811552768000,jokooooxhz
1465796269868294147,JadiJaya8
1629140836276400130,fat_one13
1798454634530680832,Ali_srigala87
1716598436504670208,lost466270
1297517288657006592,fitaminB
1788478039648817152,sportlovers_id
1291395921620561921,bigvirgoshit_
1791889020760576000,GamaOke68733
1842417059977957376,Ryand2611
1693107981079154688,naodailyy
915010604938575872,AUtiarahman
997164234,TeeukuRyzki99
3189781542,paystar04
745239356,Libramatcha
1304605018587193344,dsweetcaine
80852666,OlaHitz
1271463445,WiwinAgustinaa
4915645200,valerat123
1610238648812994560,urmypriority61
1741928846994403328,veveqbakar
865851822556061697,nkndhn
1373068440097886210,piscsnt
1603619938073456640,UjuangPituluik
83558780,tuankompeni
1808411698078142469,sania_lest72059
1705248191363571713,StoryofRoMa912
177077629,sonyyyyy_k
1670506213518508033,naondidieu
1709871317212975105,Wasit_VAR
959357587970957312,frommypain
1840731753675382784,grosiellax
1576345825092853760,Kangzeters
1826636056328110085,seftiruk
1781228001482756096,IDSPORTTV12
61173348,mamaubear
1121607504046084096,lands_mr
1210356208692940802,doraemonRiang
1268769612750917633,yaudahssy
1472614599627137027,ryzhci_arif
1680590466788757504,iyaawing
1370604191052263427,selow_mas
1683451976967946241,zacky4087837013
3080241998,fathiaalestarii
1783825303233822720,baeable
1652624755940544512,tribuana3482541
1307959618073624577,SepakbolaTweet
122020937,MardaniAliSera
1813007582363328513,IhyaIslamidina
341318276,Juve_FansIndo
1782275341853290496,arifahhyaa
1325022525365997569,Aira1Bella
173296673,christiyantosw
1248538148990152704,Ghurem2
630073051,Semangkaaa787
593595368,praktisikonyol
1660778272500908032,rhakaarf1
53598666,Red_rockets123
1756650234774704128,bo_oubling
979197856228651008,RealLay3
1243725776760926208,fifiyangini
1784976147048275968,tegar_gayuh111
4834697112,ManofBravo
352888122,elnoia_
1673169016666595330,iiidii_ii
205412559,teukumi
434868365,TommyFerdiansy1
1357069646,malagreta
1167619485563383808,Ahmad_R324
1724018107793170432,Kookoocrunchi
1351722821009829890,B_dzoel
1233971715866120192,Ag99_LFC
1643867222744633344,erdehawinn
1432217124,FakingSeeLit
1763386585826164736,haefrmansyah
1554840924479361026,PelitaDigital
850494360,vandalizh
1660544884904988672,IsmaDwi2003
1803651613158154242,SportPelita
1734404844197470208,raymondtom99
1560479239966580737,captjay__
1794215272880222208,Ellahandar_
1804670261352189952,justfunnaise
1681821120117493760,nge_Gym
74660025,bpkmuda
1252957312488140807,zakariakml3
1022086275422072832,Dskyfallen
227964876,Oliipp_
429739979,budesic
412284660,choitikaminhwan
65293617,ardityawahyu
121068007,imambukhori_79
225694872,salsbljoan
554404998,ajik_setiawan
329485212,ranibalqiss
1450492125234155522,flouwoarme
45811202,pacuko
3153104119,trinugroho162
1367468438864621569,Zaidannah
1815889804632154115,fufu__fafa
1229447840658673664,ondailybasis
370685361,taufik_basumbul
1655203947911737344,SetiawanSuliyad
1862825725,berita62terkini
1810628676763185154,indryazzh
1566314794051051521,heungmin_dear
108901465,XyaVicks
1647933945722589184,pemain_cdgnU20
705239660,Ncepcipcup
1728314798239354880,roy_senja56223
1279470859,parangsana
1180031636215222272,blccknights
94294710,desasya
509946051,MNCkoranSINDO
3553875072,juhalans
70359024,poppiepebli
780680484992933888,oxjoniox__
1476030498543603713,sportalavista
731791785043722241,ernaayyy
1199772596,sumadiseloguno
261190284,lullaby_nny
917994926247497729,Apeach_adl97
2897580104,Kantodoto
533919835,fbrsyah__
82782516,yungsgy
1631235007653228544,Charoumenos_Yt
1371736773563273220,BulukumbaWarta
1761239438263525376,Ardiansyah26029
1362422830025957382,cafamee
1361351735726338052,twelve9301
1833701139038232576,feku_addmi
1651070359372980224,rizkikurni70607
1394116845863505928,typingtwt
1203139003723051010,moshmoshiy
1559352422064984064,gemoibetol
312696096,iputu_ananda
1796368694635081728,cheezyqiss
1819052945385893888,jaguar33new
225151307,imanpurba
1314936178097885185,YusrilEka411
1663772726585360384,laicceu
1308525619718758400,veinard72
1116978936058003456,AchmadWaff
1604734350,mukuhorisu
1751833403408924672,ellyholida
176991843,agilatul
1071441463404195846,WidodoFebriU
1569551418180378625,bass_kaa
1231571921558364165,vinamusti
1835481975857295360,TAVrnx
3166721053,gubukcapcai_id
1672914610633179139,Waka2Wakaa
579112338,incrediblelsa
1771628497762680834,HaEsEn_Alt
4925940696,wisnusuryam
558384858,callmedapong
1544253813590147072,phecoen78
992055575214149634,nevertoolavish
2208180937,bagus1204
1714708892918206464,fiqri_muha10980
468871683,prabuadyatama
1643089759252918274,_juarakampung
960841697507749888,txtdaripersija
958041947733745664,JahfaliG
2992706394,bond_s2
1834685614794440704,DesmondNwabuoku
1494915353029545988,jaehyukxyz
1410153814993211393,cutieeboo__
1038624143346819072,okeymantep
1290603172369584129,stopjudiii
1823898341635452928,duabelaspassss
1798771232931975172,Putri_kamari
1120759622904631296,pujaker71673079
60533818,elloaris
1603078468710805504,lstnfdxx_
1793845409179455488,askr1919
898007620182654976,ArielFauzan16
1628989270244605953,Imam_Muhlis1
1789426690403557376,zfjrvwqnd8
1227287008566902784,BudiSat76030825
1783538651659661317,ApriliaRiv25699
46693036,inilahdotcom
1180362838390362112,HaririHeri98
1504610468803260416,humblemanSA
160515542,Muhandri20
1530099553961406464,__manusiakarton
1483318861898608641,snamirap
1535702159450603520,mrsami96
977618393397264384,sebuahtujuan
850584320611762176,akhlakeopseoo
1718213241132953600,madwhitecatt
1289577296932741121,thismyarea5
99205975,normafauzia
1804466181069533184,rt_salsabiil_qf
2723491230,RismanSyaif48
1286532900817530880,susujaheng
2176158290,TheoIriandhi
1703097057756798976,Koyurim_1
1364257140311957505,5coloredparagon
1574061914396979202,beritainbola
1575229389482389504,jiewangii
1461945572,ymhafizh
1749643873612374017,cingreborn
118597209,harusitusihh
39956660,haniwww
1258880775304343552,thefandykid
863752492416327682,jupiyterz
1265910154060369921,run_we_run
1569351994128896002,miisedaplaksa
1826472410490732544,queennlism
1223818853169262593,IkoG9
1400375055209562114,jeyisaturn
1555206959099703296,Nurlail34276735
1420585084420182019,bucinkukiiii
1673469889712103425,idnewcastle_
307484536,reododdyleonard
859374422,DK_farisy
1535172949589647361,hidupnyaata
1384034761061011456,awsmjwoo
1178338243692990465,Dityes9ix
1568057039750057984,Naufal4231
91572858,fidvicth
60880370,Tatan_R1
1826443826984353792,afafafrizal
1191088898069319680,alifirrrrr
964225024281333760,KenzoAji_7
1606712562988777478,DodolLosers
1793971847916331008,vegetarian_gg
1608717308222148611,spidermees
1227617424817549312,dayroraxy
1327870899240910848,guttebening
1796712181666557953,Mikami_Satoru96
1583658056033849344,j5mood2
2947363027,cozyaltruis
1837906386610802689,ptrhafizaa
1100001903394471937,aw_yena
1265244988285149190,poettii
1714842903573618688,candyupiii_
1045194970024427521,archievedinoo
1522290104001171456,OzziAlisio
451436800,Azam_96
472879633,vidihendry
1454389224703021057,alumnikopit21
1319938230645473280,Dulohupa_id
1587077949810843648,glowwormle
868224229,ariefovic
1797453227413442560,waktunyabolaaa
1718574113676304384,aingriwehuy
4712518004,rieribet
45817714,iyo_mario
999662830474248192,tsukibulan
1634755787083116544,shafa_adiba
33402402,omkondre
1270970780956815360,jirooo_19
1637487665871486978,adhityas3231
1834243009158021129,superdcold
1410485887406804996,eggsowell
1585521358645010432,saurrtrue
521932714,MlNlLEO
1719349268056846336,han_6yi
1507774012822519813,JTGUAH
1300409107090796545,everlili35
1743580495001337856,boyisnturbae
1167314031817850880,sowimuh
1756632066178109440,erinazyx
945284265163423745,iam_ruby11
2936498511,_RifatFauzi_
119001505,adzent_jp
949680504713854977,Anaksiapaka
1167364371074338816,indriifs
1811691037519400960,melodiesof143
1615723753060855808,ihave5cats_
1633734720357007360,noervsk
1191223201239429125,jinoyant___
1545746875436806144,FatseyMalik
1546827844369936384,0PSH8
1175251407923900422,AnggaWardani_
1576766806944948224,luckyyyperson
1098811146985910272,rhetaaaa
1758932434111066112,diarydiaped
1258168922026590208,amdfadill
2256183565,aprilio_chance
1214264462963662848,Duraldisastro
1704101223283273728,toemaram
1547292176648138752,kelas_teknisi
1284377016687460354,arahbatin
1089784327943016448,FawlMuhammad
779956771,irulahrul
1807447151896834048,Hbby02_
163002661,RhiiePuriie
1143579966409330688,ulfahhsnh02
1843315543035858944,BallBoys_
1512059817321730052,ninetreee
1391790973340971008,pisiiwayy
1350070609280069635,BangCul15
1136172488939921408,Yoonshinhome
1381706297788092424,mhmdtfqi
1411516888924917765,Oktavia_jm
1203910832,tutabct
1360478353925410820,sophorabelle_
1667935967943213062,139sungchan
1332034132830941184,romaromannya
1271775287592677377,neeeath
1810733001875304448,Pena26132683141
238042109,iyankyankyank
1344296194755837953,genesaa17
1614130316167512064,vvondeck_
1191353571129749504,cassiocygnus
1390886724000051200,shauqiya
185561596,Anglingaryo
1323643945457364992,gebyghibah
1817934558320640000,nik_name3045
1636667961883889666,aseprivva
135253029,rangerr__hitam
1673768719829585920,mfkive2
370484552,yuLia3a
1812694660156125184,Cakes_Momochi
1896386712,miladewy
1350466324657422336,terserah_gw99
1686096384829915136,Sutbudiharto62
1263834224693407745,reph94
1106119359175352320,Partai_Netizen7
1678973209172152320,TimnasIndonesia
1157149857666097153,begalsepeda_
1461935927526264840,S_Frendy48FPS
1172167188800655360,kegblgnunfaedh
1538784986589167621,ArdiJoko91
1669228375091871744,B2ghet
1725551026873446406,dazzxly
1434876946022760448,haptras
27846404,my_supersoccer
1177242631417393153,ex_userr
1309127439382188033,blinklockey_12
1682713022454972416,nayaa_lili
950439083335041025,bbasiyo
1207420045296455681,ssarxyz
2925328032,urimommy
1724452654955261952,CoffeeSmokAdict
1770566123026817024,Piyasha01
1588842390324137984,nenglaela93
1271377525231374338,_umarabdulazis_
101972626,Thevytiny
792613038662701056,indry_ketchill
1824670421268013056,EKunedi
961826076639969282,Jujuk212
1804876071168618496,AuliaRsyid
1542066291493613569,Amifantasy1
1684859898578997248,Evanskiie
66271653,windumuktiw
976404878221340672,xruyobjln
1546398981609074688,nathieefa
1674567857781239808,Owolabitoib27
103551225,tribunkaltim
1311823544024621056,Alif_syam14
1811076959688085508,bunstarboyii_
1234529236913836037,rumputgoreng16
1686132698337984512,xxxaryadi
1352864256,hri_hari
1363528710,jj116_NEW
1728977166065381377,Green125340
1192383102309421056,rizwanpathan01
1205930136010469379,Williams1Young
850171620,Lutfi_Fhio
2695483602,zaenurkrismono
1401884701854367866,jualobatpenis
1487940053641076737,SatSetSatSetAye
1485327820322934786,giantrampai
263017345,aquariots_14
1802444417095380992,VirusBola365
1749035348704071680,tedkur1209
1386338771545645061,dede_verde
127448998,af1_
757261664899117056,mykai25
2647494535,UwoooH
1204892803,karolpier1000
765076593114951681,restocrasi
1215811442898653184,thecutestheart
203856445,ewin_roxi
1814813825012789248,ahm_dzb
1832558867563294720,alikcoeng
863979501188923392,sew5jav1m8
1793336292434223104,King_Goreng
1723362394469183488,FijiAntasa
723647095,ddiigr
1445922798644256770,djcoklat76
212895562,bogoroditsye
1166532124121239552,Aqil__Rasyad
1669139877563334656,leoxodiac_
183043634,happywasai
1075279369138987008,gebetan_mu
1746379297630437376,Bola_Esports
1777993682488311808,CullStore32924
1358817681672077318,PanjiBernadinus
1138033522369634304,Avessialia
101408268,PICALUTION
1808843305171775488,palestinebrow
1321636622580920321,keluhsastra
126349232,engkongyudo
1726873272686694400,hypevox_id
1789862206479515648,NSaidjoyo
2888739601,dieliatin
1794145049779085312,nandandryana
1469469872,nana_wiy
1492081456126259206,StevanFirman15
1646977219686703116,brandnewswiftie
1825931228786442240,kikiverooy
1760221905276055553,DeepakSing54446
1491389589994762241,gaspradana
1519990804495826944,satria_gigin
1828729493948907520,Goalscoreid
111547887,Kalasuba2021
1754550595451858945,Farms_27
1243771213152829440,gulalyyyy
882818724230811649,SantangSidiq
3162599352,Alwi444Fadly
1522295587,buyatriharmoko
1353326174,ekojuniawan23
3253452510,buddy_wirawan
1077995577768439808,Semorobumi_MU
1638975823553384450,AndreNata982
767532728514293760,waone_sindi
1302393835532644353,BukuTerbit
1374460879,oji_1999
1400431555869171717,Ayu15tee
1229783152115290112,MujahidMudo
1566367476472225792,vanska_
1742007856197685248,bukunesiastore
1817889692161024001,MilariProduk
1089740029189021697,Drjune97
1561095089333878785,alinn3o
1771613808194408448,eksposjabarcom
1830561828906369024,IKHSAN_PAYLATER
1323478628563185666,mypediasure
1661682598240976896,Ngakak_mania
1341700295206694913,moodysmark
1427527811057610757,Jh_V1230
1531978994874470400,cannot_can_not
446045588,martinarijakin
1144837076728217600,wipohadina
3276657372,beken74
1606732914607415296,tyookz
1705626072757436416,dwiiandre2603
1765597531726327809,Ags_Dsn28
1816141155115102208,sindipakeS
1749614888522252288,Admu24
1810977077438590976,team88ekpedisi
1161929541121536000,michmek
1330825537875365894,jahikunie
535307322,suindraw
1731713194107056128,FauzanGifa140
1747592196646424576,PictorT84530
1535634004367450113,Rielnatte
1415567671479836675,akuuuwaff
2711608536,BegayePontianak
1793178025972137984,wargaxyz
1744679554323726336,hoursrec35508
568655506,sukarotisus
137282067,nickhano
998801336601788417,finindonesia
59401351,baniaddam
1698862882665189376,NurIchsan__18
731884386262487041,MotivatorPower
1716343970845069312,mcflyedd
2248056396,MisbahWiyono
468690092,endrzz09
177775297,hendriprabowo
1793532560263520256,Sahrul_Azfara
439726782,IfahYuki
1755191538446151680,kndrrjoy_
1274763099812196353,itz_zameeroffl
1497511148467666944,Johanies_Rashid
1424376325809205248,haha_hikaru
1085450384049504256,noviamaliaput
78239324,BolaSportcom
1807769898602672128,Samshuda87
626306017,tribunSUPERBALL
1831148795939495936,Naelnalu
1667070397811167232,Guru22454Gurun
1726081460615127040,Avengersterkuat
4579951375,kialmmanuelgabe
1220746218,OPPOIndonesia
1771267112964931584,Netizen_viral_
861564121526841345,wratfh
2393930923,lensaRTV
1676610715719725059,SobadShopee
146815291,Lutfi_nr
1806101872601919488,cloudsandcoffe_
151690523,piztaciio
1088644017066135552,shadowfax_2202
1732575898220756992,diksi_a
1501051043182182400,home_s_id
1773204180133634048,bolagol_
1673174207755358208,cheolrypie
702302747912179712,andik_wahono7A
506059176,Urrangawak
1792878111652200448,insideavenger
416961056,seven_yakuza71
21996866,bimski
931419055549906944,Hasbil_Lbs
1836056107284070400,sahabatkota_ps
1613012498,Doplenk29
1358393222800822272,srchllkwong_
3265699640,naimillah
1139459403478781953,Aquarianwine
549976166,travelographers
1519129767043383298,GoonersPusat
1445979436394835975,LockeyNona
1337171156424540161,morenzyyy
863364074347909120,tenkth
1796557854499098624,Abd26331Abdu
1043449660730368001,zainuri_1922
70414308,rahabganendra
114910516,vnyfe
884723150117675008,Remus92627744
1243360144815095808,Ardhi_addhi
524026668,ameliawy26
1269599278395060225,vaniamerette
1385407713987874820,3rwin__34
1312627650,ladyswanq
1200227108565340161,Mat16_16
1182194227,AbasBalapradana
1683709673097293826,helojabar_
1816732412522692608,shotsgoalid
1277953987178717185,Monluvbaebae
248057935,The_Engagement
1372794477861949443,KardoSony
1581658192332791810,Khaaaa______
803335130148286464,TribunWow
1436648342541377540,ikikinan
3256670598,idn_futbol
1701967203325603840,mistercruise04
209940336,metrojambi
1632635718731452416,firzaneo
1636194886406885380,Indonesiao1904
1619948082845847553,iuinformasi
1638019569255333888,gunawan14717931
1823614750649167872,cuktakudone
1192811899131285504,aquraquat
1823627354809536512,iknownbusys
1454858092143779845,oposan62id
1631549877368025088,FatimahKanya
2373551155,maungfootball
1776155458350493696,AsariSisil26577
1069972050675085312,SastroHaha
1450027777051152387,Kejora_021
1472473516477878272,yandygoyang
865782877,Bacotanslot
1424573456029347840,firman__nurhuda
2360745955,awas_kaca_
88406763,ayinmursalin
776664108972204032,kiidorauhl
2992794270,snafflewhole
376634442,melonycjava
1645766699940192260,ayobacanews
18071520,antaranews
1819967836112199680,trtestella
1473502155768090626,0xmammm
889674071910236160,PANDHITADHYASA1
155273160,ItsAngeell
1782690956908900352,EfendiParu83454
1194652468698738688,BzhuSn
1734784944298450944,ceciliadoom2024
1830779450142924801,koskutang5758
1728442981819281408,celiaaw222
1702952000756088832,yuukibye
1770743897058082816,berkatkarya45
1053188360401956864,rogirogis
1203336290,FebRazak
1818159940189757440,MohitSingh29067
1184258744,EAndantino
1221432940057354240,ForzaDonnaa
3234845761,karyokget
2175327624,ypompipradani_
89978614,vizsem
3052423888,bayipatrik
41057781,Rusdybachtiar
464884144,zimam1926
174156881,DjolaFix
1841707929646596098,YuushaAlfi
2364409152,Muhammad_Getar
1350510609796788224,khathoewho21
1709877672141352960,OmarSan26260097
1031238754680201217,ajierlah
1695003555051274240,kalimantan_satu
1341772121471533056,CharityWld
141337424,Agha___
1173577665481076736,WatonmuniToni
1526240476726444032,VexanaTwiter
44590145,the_heartlessss
1733648551824244736,XBad70101
729023853612179457,elvindy77
1831975748246413312,zatunnisanur
1794375825984491520,Add_it__
634159957,sayfull46
1410944733430509574,pandawa99_
1799315830993477632,kalistroy
1163798386287366145,Perang_Berdarah
910131619901489157,Pristksr08
1605034653269647360,Realfeera
1577811079195160576,akucintaistriku
1307215523793444865,eceahere_
1706658273292935168,TheSouthers
1717877686637670401,Jual_Beli69
1251824880967774208,Heraloebss
1584821585831084032,fujifilm404
53893035,epenvictor
1574145184589221890,BahaDzulhijah
3471451640,naurjs
1610307674931097600,ChintiaRiskilia
513026080,rizkiriswandi20
1644786473609355264,XivaaAlveria
2397599359,niyupsie
1659741905721393153,BR_Tamsyah
273339254,Domdcc
616009530,virmansyahid
381857899,ekanovz
1100554063,AARasamala0113
1807183096170811392,WatchSportTV99
1835964462404374529,Ahidifarme
290253800,Zaenalabidin2
1790658262058307584,AsiaSemesta
1521325448,IwankusumaNdut
1288683542621298688,luckymg1999
569805154,JunaidahAry
1500632790353674243,WomensTips2
173052345,bayurimbiasmoro
1822585909235290112,artup_mu
289373425,erdioo
278999676,passylamuette
889895805611409408,misterdetektif
1113052387541889025,Septianotian1
740618168,eLdzshuki
1728568357979660289,Yogi_tutur
285330262,amiyud
1800306166632968192,Efelinnadiatama
277918704,usmanprob
714965442,ariefbudiawan7
1383016113609482244,jandatwit88
416922383,Ardy_ai
1263208570495078400,_alexiaaaa1_
1573309424672047105,tolokkechi
1597015756306513920,darari91
1827021450894827520,Click_urOpinion
1177984192593809408,mimams_
4886005464,Jandabet88
150180150,dickydiki
906019356378710016,NukmanPaluti
1821810169699082240,yupitoto8899
430557806,NovitaRamdhia
1834227271420575745,afterschoolem
116377543,AdnanFahmy
242637181,talnalboyyy
1220207723742031878,zidanalfadlunu
1688920383213518848,barunyobaFPL
146786678,aryaDikaa
120988820,Ark_ei
1657289492540313600,DarkSchool4077
508560701,Culturaboratory
304606662,FAWagiu
1293072305258500096,feri_ferdinan_
1402628581369417736,JagadSabda
1574335762757132288,BagusErnanto
1573841693954441216,qqhokmax
1656616374419202049,PidiPie0
1809661702167986176,bella1244067
1365945629143429127,lajangdanjalang
1133234997157015554,candle_lily1703
1447264755446546441,celleyss
1335603230126948352,raimuawas_
788605863569330176,Hrjmisakii
1739592541228666880,TheAseanSport
733638296589361152,reenbowsugar
2293995271,Sugiyan36298711
1288592473552334848,Watchsportfree
779670535,kartiniewes
1830483794773917696,Fufufafa_IDN
1819270526181036039,WatchSport_free
1131047533747113984,ovicahmad09
1796069273338843136,siapa3845771
1249746458061860865,nunayeppo_
1590147805,crismondika
1188175512851505152,skwxxsz
1144833649444941824,Safarsingh_
1686492767185403904,s0medaywell
1817862832660348928,privsec241686
3238236040,frdiand
1305799667884711944,UyapoMathumo
1554349594058031104,tankabasaran_dt
1422920046494375938,Rokku31
187997845,asgharsaleh
1425056317,simasdimo
1246093499558051841,lupabersyukur_
1325421524778541056,FarhanRozyy
1250480262653214720,yogamuiin
1376760295624876033,bbhiww
1270722365387714564,unitedattackID
1411770130229391360,mamierniee
272414947,yaamahmud
2212307905,aldojulian77
1749420599985025024,devandevanya
1206895400218583040,LGudeg
1687184568204546051,VivoPasari84390
1836272529255612416,faisal_ame68633
1709421000960749568,txtcacil
3326917879,ikisherry
1762455705364381696,Bibilbilz
2341223335,OcidSumbang
1500561234508541952,cs_freetag
63488020,Yoyo_simo
463577207,bimapriaT
943198262311264256,bacotnasional
561637718,tajudinyazid
1483228980660834304,bocisaba
96292178,kerangesti
1338848188304744448,semogadimas
1149830958641586176,kaisaradm
1113772542030827521,panxalu
1356868321371512833,andira_jo12
859902793,dian_arifiya
1490897664334270465,owneechan
1490918769409294342,imlollipoppp
1801712486917488640,Jerrytom2321
1781380868034154496,heuhuedi
1835350096487284736,adikpisangs
991915158648668161,suprax_123r
2851786927,iniahmaad
2324713224,dharma01_
1461766990066974723,antuq2
147074239,ivanjordi
1659376362149515264,Off_Side8083
2283201258,Jeejee58000
1246626508124246018,onlykeihs
1802976405141307392,medan_insight
1177919782865129473,Rndputri1
1721382478370463744,imyourrluna
1739648682465837056,hopeforthelight
1655329344321994753,BUMNterdepan
1293414253265686530,muthia43644354
367174559,bonafidictus
1057216720329306112,ensihe1647
927548385485135872,rubychulisie
1354943481236492305,YP5Master
1741250420989915136,AtthallahFatah
2384877902,id_drfage
1756031111837409280,Palu_gada99
3189672445,romiyadi993
1675138743483912194,Pipit_Min
298435290,rikohn
555929038,caricuanhp
1738148113209262080,lemonill00
1237295918073786368,hsafi519
1623510212547330048,hanifaamp
1834626176452907008,DoodChudai
1199996759449034752,tya0htya
1639151054154776578,impyta
1100952500,RisziSanjaya
4184979312,AntoniusCDN
1309680344610742273,AprizalSn
23343960,kompascom
885440027181760512,PanggilAjNasron
1682328822547611648,kentunggeming
1027688937811111936,imslapdash
1655344799833280513,UpdatePolitikK
1761753661188063232,maisafitri1805
1080802042946379781,KaloBisa2Knp1
1676240217739759616,R75351Rickie
1499382922234966016,nturbizz
2165910176,RachelleAnisco
1431597346605862917,bubbles_id
1772611242458304513,ErzaAnggara22
1184695438365974528,tekarok007
1828660301568647168,syazaa49
223022438,dndyfrzl
269815742,bima_andrias
2733986118,hai_jii
70439051,kapalo_sukuu
1607455429470351360,kratoooooosss
1086109802122473472,indoinsidenews
1527464290437181440,theunforgetwble
1948500852,wjyfni
1097354695742386177,rizal456987
1833408322311229440,8DelapanTe
1459080696929001476,Asep0628
144033305,supardisaminja
1693230543624949760,nagriee
1472787465450647557,metylprednison
231264340,deniadea
3223108100,Akriestian_Fun
420970337,ELBenny_10
1829394206257033216,Uchielzok
101775045,arista_risto
2385223868,__NJy
1815269332559273984,shakiiiiiza
1193130747160186886,somnabulis
1665478568271556609,Gilalangggg
1264413849299546112,Taufikaxs
1783822112689709056,biimerrr
1516774240225177600,luvnasigoreng
782241085,penikmatkudapan
21103359,dianjulia17
1839568723872747520,PelipurRasaHati
1831215471368290304,Astarani_Store
810442162668072960,dimassurbakti21
1119050799672254464,Lesyeuxdeblu
1696591865427226624,aiskopiluv
1147662555977940992,vousmenevoyezz
1443177092330385408,imrun_5_
1563508798609711116,BelajarZuhud
1547642572222304257,calonpikuntzy
1511298681273982976,gluk00saa
2452258920,_hellotias
941715344594386944,iniGueBima
1481941576230535172,BojoneDPRIan
1815784965814288384,BoaHancock0229
897533902528552962,zeroOclock24
1570689828316127233,Ifaa95_
1581834675558891520,SeluruhBUMN_id
1406960597514678278,kkvlgomi
1713136555995586560,ssumerrain
1511004506183536645,Lesnaya01
1683518124661026817,Raja_Rawa_
1306060537810223106,mostly_V_
1838168767198859264,letshidenseek
330750136,kukinunaa
1351449758,LukyAntoryo
553337656,mahruzamin59
1720755399090229248,horangitamtam
155443189,Gomie_
1378618429,reezkalana
1294862395844644868,Kangngemil22
635443533,BUMNnet
112426417,malikbekasi
237631866,gapapamir
1838460013133860864,Big_C202
1021929361211944960,mynanonkorapat
471707150,dickydermawan26
60272649,Didit_ST
2324954113,ndanchupu
2966077758,ift1945
56718182,dani_dosed
1009611641594380288,cottoncafndy
1768392630151610368,aaerinnniee0_0
1088314245668728832,rrifki_nh
1213387795630157826,heerutoyaa
1581119996,Shoping_corner
1333340825879678978,lieblingks
78852240,srikumoro
1360320759378313216,IrulFadhilah
2567168518,tasperkakas
1001566286,Geminiikon
1724378491645554688,CeritaMist92966
1251586604709240832,ravenclaours
119607833,badaiawalludin
1082642104923246598,jichanWboys
1679557536545144832,MuhammadFuad30
1117086034381037569,dearpupies
156519375,chococurut
3005174454,deyinps
1709364850839928832,mlrstrck
359560496,fardoyoasri
1143594780,awaludin_g
1453955047771934725,bimasinung
1176169175556870152,prtagt
895890766500741121,taucigrus
1705532178329993216,delogyc
1826139769254166528,suarasemarangan
1587321401781800961,Fadliz25
788486743993425924,oidgnncinta
947281567,panditfootball
1206451549,WindaNoviyantiP
61513114,pak_oke1
167737224,kapucinosenja
270772677,dikha1989
1304092717505421312,OrinVanesa
1433538785057206280,juniisimarmata
760489369,OrenRempoa
735860142764228608,BerobatJalan7
1464146318062936064,Febrianrmdhn
1197436670263431168,ImeldaAzza
1558069951302615040,vayinthe
1038775094,yuliawt_
1551546475758624768,llyerni19
1501587668819341317,puixixixii
1241511348,kimtatachu
1716002888517025792,matius_ry0
2201115361,em_abh
1485071061645656067,Izzy2630_
318381280,allinkcaid
1255125076745129984,antertahu
1234059925522800640,TheKingofKippax
1742924432933605376,green_yvy
1756863330550214656,lastpride19
78497424,Nahrowi_wawie
1126412236874846208,suroto1985
483180969,just_member
1598153275404341248,m1zon3
301303461,ADewantara
2651176428,Jhonkosmik
1800154020339933184,zaynduakosong
801728429003444226,samidin_salidin
1227974200968663040,spursang
826995196520849408,GarisMedok
2801370529,suryah_11
1161229301372473344,mfariizsyafari
1009413641852993536,MSofyanTsauri1
322559270,NadiaPuspita__
1431615349997268993,ooomaagaa
1403679929380704261,orang_biasaa15
388779216,boy_erboy
1766620974978662400,Athen_sibi66023
1169479172206383105,giansuksesamin
1310565849753821184,superimron
1681864132025544704,agustinusssnya3
1703222617262665728,Maungklock
1347781623492665346,curtisjonesid
417564327,KanzAnjasmara
913682506670469120,caprouseu
2485286221,GOT0922
1508250105220329472,marlongaftersex
417701104,xicalm
1825533782528782336,kimmy_persempre
1567720368043065345,Zulfan2848
1721710711460728832,ZulfaJanna2483
756534156,SiaranBolaLive
1306868850818916352,menterikelautan
1744983225519558656,2Mazing93
1798993534521085952,SarahAgust27074
3011380471,cakranewsonline
1693438573863960576,surlimanex
1796565865040912385,andiku719
1113799890365112320,yudhae71
2558658043,Ramdan9975
1301552474856345600,gianluca_k
1271954830668382209,blueiscolor23
71727134,iradiojogja
1334296497559461889,zlygwynk
1466874257154076672,Miftahulll12
1681593284773433344,elitglobal_12
848443212939149312,nuna_yoongi23
576181588,ludzfi_
1725388544775192577,Japemethe2403
1797200104165920768,manuro8637211
2316770150,almaydawisnuu
931514792220561408,Fani1513
1570014413121519616,stanzaandreaa
1555372999393435648,iTeam_P4
793516736897134592,ZallZack
203348678,pilaradio886fm
71626477,ASMARIE_
1564711079649091584,inikazoki
1542334826065252352,truly_review
2291010158,jayjaerudin
1158371308708614144,galupati
1497517889657524225,celesxtiall
856739238632538112,Ajuansyah_putra
3303324229,buncititsmylife
3181071176,alimaruf991
1593234044585938944,Oxnavapusing
1799242496398303233,Rimuru_Tems98
1409333965236826113,Nurkha24609157
1438179494498504706,Chalatea1
1375964117303889921,Cinta_42345
1658440615900905473,captainjeno423
1732126017719021570,fan152367586377
2890564304,stokelanbluxes
1699039755680489472,raakitaaaa
1688003934647177216,alkautsarsports
1160854952941539328,noel22tj
1688204414602104832,VickySevana
1502642261816852480,anakhilangzzzz
996189404807905281,gondessanfor
1835166294829871104,homeawaynews
1817888499825340416,crypt0w1n
1687750603160887296,LilikLik1214940
1509070404328955904,bayikcegukan
1483685736545394688,leftkuwingiwo
810529586991624192,vincereautmory
1636961416757522432,ramaramaaaaaaaa
1796667991574413312,RyanArdnsh31
1407762775418425344,marisharebareng
442494029,Bali_Football
433879613,Hagiardika
991186040479105024,MrJ0ker13
1952471238,eranolok
1235646620529655808,gnwnstj
911939800717864960,fvadddd
1191391012838506503,BadmintonLive1
1496156507637170176,mbrobbyy
1235232426718146560,_wandanii
1468053882412494854,cuddlepiero703
1637572714205421595,liaasister
1786746505837350912,gifaarii
1643219198506860547,teguh_pedia
1704116159665389568,anonimman137997
1332906548704677892,suveyours
1549556407556460544,Yosianev
1008436760286646272,aabutttt
1768369229416505344,Yusuf_mrd00
768289804278652929,Opaychaos
1734757167700594688,0xN4N4
1765980592494223360,mangkuto_alam33
1229577390889684993,jungwonoona
1210029611028844544,PembebasanTinta
1576360342179172352,Maftuh_rozaq
1831570349697462272,Kepengen_win_
1445143109088649221,ShayneTrustain
1279287064438030338,hehehaechi
1753096868136099840,alfarizi_r89264
1172057056829829120,RahmiWm
991992030111793152,MHzp24
1813262870874058753,em_raffii
4772139253,yumaam_
1789518487607746560,mauve102
1703752072158728192,katrodayak
1248799411464859648,cechaangiya
1355483220284858371,sa3nggy3
1509152673542852609,Supereleven5
304202416,achrieqnoy
1340726892467372033,Big_5ecret
1797141087422935040,BayuPamung04
858258468,mamankyake
1749323188809707520,randang_88888
1616479802038562821,nandes_ketaren
1670505450121625602,meongmanja_
1127626320727330816,FariezRiz
717850249,Akmall0rens20
1664547465356537856,Danzpicknava
1335907541583216640,Cek_atm
360614465,jatibandoro
1643876589787299840,impersonath
1818222304402563072,Ox_wins100
1563215376888254464,Rakio729
1095853260970196992,marcoadithazard
1340686565203353601,nattavine
1722666283412627457,alvchive
1284585063170990081,yatuberh
1823705583490621445,bongahday
1730858802864611328,Negeri_Hayalan
1603956551139569664,berita_sulsel19
1833501193240449024,vanicakep97
1355791329075163142,WahyupuJex
1557714752797028352,MalvinTjuan2
1735580312774889473,mingyuuu183106
1795968697745743872,GuruBimbelBocil
954977549104267264,ngurah_santa
1554117550929494017,PeachMissufe
1274003797929390085,mhasansimon
1568615054706356225,Dogemaxx2
3293002114,chiillindd
1530405390198128641,cuploss
1646138347,ericvanderboy
1824788116508639232,glenneawin
1458020473279709191,Ajiemaspatula
1823714050632790016,vahirahitz2
1599643687893733376,Clemira_
1305586755463081984,dyt_____
1631701805297209344,meylinbigwin
1564230044368523264,bismillahayowin
1389073698359975936,so_hwn
1815003083010916352,RensGlry
1798011725071179776,darmiko88
4078366032,auditio26
1304825873690849280,CropLifeIndo
1416423047662166019,IsanRS10
1126740053609213952,not_found4444
507616041,Nerazzuri_AS
895873602,fikrihidayatfik
1726493863307788288,rizal_nurdin9
938627924,fahrulmaldini
1535804458768400384,Lisaulfa11
1399515415764557826,hani84475450
104148156,aji_snp
1531586267905167360,denialv_10
700483242114191360,fatur_ozl19
1234334168080736256,kasihajamilkita
726205154064637953,dhanuhandono38
1254558896447864960,isabeclla
1511334062870474759,morelight_xyz
1292100081840058368,teukurhnm
1104430519,maswanlagi
1605015084618907648,pcrrenjun09
1538778307336220672,aida_pras
44879025,sauskejucrispy
1118818436988035072,de_Royal_
114699409,Irwandwinugroho
1631206304994967553,livebolaid1
99118328,CatongBugul
1697935318903930880,Chitarasyaa_
1682438332998115328,kiddeupies
580247289,yudipraditya
183954444,PerawatTampan
1651109296682221568,HilraSenev
79712801,ridwancmz
1294731771842424832,Veilgold6699
1456202440458391558,UmamNovani
3471459506,minissgo
2899659972,KilljoyYadi
765379873850335232,jevngah
1172119436788027393,Khoiril_annwar
808582626688712704,beulangong174
2371510528,sukmahidayat_33
1594679798776725504,sarahmutiara04
1297027588716560384,whyymelord
1838139615557156865,DanarC42147
1814590805300166656,rockicstt
1106014141926379520,gonceeee
1074936858612625408,Ariealhukii
1825921061676023808,FajarUtama99
1419164138622750728,jowo_sensation
1667053924090789890,konnijuwa
1800942563572228096,XlaluWin
1787350139033853952,Rendridofc
1662463699888787462,honecymo0n
1501726977300246529,97jef_
1704746778980196352,asyalulara
3275984995,New_Aa11Aa
1655815389027401728,abmnyunscrd
1667057360383397888,athlenialcyne
1666438830516215809,adinedame
2504039229,antoTBL
1785081148504461312,lutfi_ifti41849
950719854360780800,RizalWahyudin19
1826233753976614912,Ranger_Putihhh
1741992941869277185,vante_rises
1499368104983339008,Aisthetic_a
1666436005946355712,tonoJRP
595087866,nissaniiso
1615546608720154625,cherishekisses
1046260501380923397,alwaysbaehyun
846542050078044160,IndriAdjaOk
432390156,UncDeep
3437959094,croistl14
1337719029159497729,ahengkece
1742361504002027520,tytriyana_16
1788588884395483137,RezaRizkansyah
374397535,KokoKR8
1131303919517175809,_Fikri0304
1155167014060560384,haloinisekar
1493439114146119680,nayyeowuu
1312182823948750848,sruputkopiaja
1795054205264404480,kissdearu
1754814333429989376,zuhrohnaa
1475795933992423425,RumahCinta15
2244125553,ririkbocil
1735291042252169217,yeanj_
1737805825966739456,hotrosetea
1147204743673987072,lawangtengah
1652352860489940993,TheRedsLiv2546
1732427798269063168,bacottlukntl
1629803647776481280,mancityinfouk
1680976908824219648,yasyeay
1459094353159155713,Kang_Comot
1148319356041850880,sweetiebityy23
1509659866302128136,andyfebriyant10
2914252255,denibastian89
1337650998643359745,pesanberikutini
1161618269616214017,Ferri_gunn
227637651,AidilFikri23
1219922577822367745,bpratama_nugrah
1637419265241513991,yogaa_hp
883221216021970944,riandri1682
1822427628927930368,roguefreedman
236389654,raykairi
1347708113101602816,Fat0710
1012700678618091520,Mascahyo20
836212640582004736,oe_deen
2934603188,jibrotmaladi
1200094091695910912,RDAVISC_
1714344746,andaravikaa
1801088121154793472,arsMotSpo
1665889119887822850,minasr_ismine
1210657532,Mamankyukero
1680078504736727043,djlaprple
1095625020192088064,hmsaefullmilla1
630844556,FPL_sieltam
1616031512616636424,winnancyy
1624468670755012608,xanantzz
1547540244,adenneightixs
1264258124220792833,0xPick_Zero_15X
1495703602966380546,Nagabolahoki999
1814798604340764672,SIBotakWasit
1821501300326256640,bolabetdewa
1824580761812684800,Gilabet88_
1318075964866265088,collapseeu
198160121,ah3x
1130642299283619840,zayntheden
429683456,FirmanYulianto1
1686655958028800000,Farhan__io
3229726052,kookissed
2857645520,Zaindamai
3240134413,emrgncy1002
1836208470380650496,PACU77_SPORT
960363296,nathintjoea
446642047,Richa_YS
1316071146,FaktaSepakbola
248554211,zahraquinsha
1678999763042328576,smandupar
1557547802032386049,eliondipta1
1047269757693521920,AIs1to
3281163300,PipinLh
1135882727348031488,anz_luthfi
1498614672760606720,frkickid
739499010898071552,letevry
1424053186113859584,WigunawanAris
813605527,Rizwansaeed768
1726786370923073536,abidin85852
2345007295,yukgokii
3319692744,jokerbola88
30617522,WartaEkonomi
826420826526191616,RoshydanHusny
3323505596,chrisnreas
887907872,murcedotcom
1817110129453764608,SpJoID
149789096,woyooo11
1496495720198656000,CelotehCeloteh2
1406241447339200512,Minnie_imut
1684853838849937408,bkpdood
3185812260,amenBaladewa19
841187770726932482,MangDjanaBdg
1309029703685201920,Penjelajah01
1219134435364233216,SejedeweC
287629951,tribun_kalteng
3046442101,Wage_Esuk
1642136135379095552,hernann_e
1828556427746807808,KeresahanKU69
1711233545405075456,dandifer_
582729565,ilhamwanwin
759625925118099456,Pablo_esc0bar17
1819961934193848320,wijayakarin95
1447029193,bukurakjat
1458280153050599428,jubir_02
741173384,InfoJktCom
832911791625613312,Bodrot3
1790731628891045888,Istana_Gaming
1820273789537746944,Ekarezkira95224
96735633,pititung
1724591337218125824,Xbu1362217
1705105856470351872,0xbocahOktowin_
1157941827875401729,Windupangestu4
1196459661555195904,JancokPray
769247676,bento_31
1804742429935079424,Yudha39787637
1822270290035974145,SalsaKaira
300807131,Projo_Pusat
1730165009320497152,Rishabhvyas_3
1719415839450124288,RizaFahriz15545
403320133,misscaffein
1584009664542707712,MeruguJashwanth
2151193477,kesyiel
1163696623278444544,Azharvengeance1
987010326460854274,RanaWaq25324857
3301740869,dnk_12
1572466635507748866,Chri567
1825003421080141824,mineisminees
1827947282668335104,RazaqBugti29
1832072386197311488,ZahraBaloc
1836257875263434752,Lehri_Zarin69
1738538486641381377,MansoorAli077
1264721849381879808,ndywln
1502424077952184322,2024_0xPick4va
1605763298859057152,MNrNuriman
1461016395542585352,MrBantiSaini785
732074480973975553,MUnsulbar
1107284077843890176,LamsyinAbayoga
938741664025210880,Aamiirdotstore
1790624886375034880,Siska2082689
1343080474634141697,MG2BET
1667905332658700292,bellasungk11115
2432791958,cookiesJac
1376763735235198976,Coretz
1833027379125723136,ciabolavip1
1615978274622169089,yaAllohtolong
1702160576443826176,igun_gunarto
1721890649153339392,hiditttsss
768254877244002305,fofoqe121
1819429801398358016,MDYounaskhan72
1538145884613283841,afceritabola
757018931085381633,retpond
1787289117958811648,manojmawliya7
3859661594,Daradatu
823858795021410304,1trenggalek
1834852727689822210,lilyanacrtt
1832081637695504384,tendangancornr
279407465,Detik_Bola_Idn
1517162797859483649,Gozipbolaa
1654418263454150659,KODEALAMGROUP
1089010123,UpdateBolabola
1758004291716141056,rikisyafri10311
2882407826,dedyaryanto1808
1395258918985605122,ordinarydragon9
1692011163922714626,usanugraha_N
1819878738500399104,v_krvt
1297415790694559745,safrizalalal1
2395238000,tijabar
2684407939,andarsofian
863371195697307648,cwbecfx
959873455,AkhyWali
1095244482205802496,In_drael
1401354680639229952,fairytale0022
1519863479674408961,Coinqqslot1
54549619,Reivolusi
567966875,lawjusticeco
2651446417,pionbetasia
87933519,prasetyohp
1190781699459670016,BAKS0lKAN
1572541154855636994,joydizzles
1504725782085582849,oalahkii
613135903,faisal_hernawan
1797497161917345792,Elonjaddah
80099597,HqnsEHP
1750812405603643392,cokiezss
1143026541275672577,sandra_hut
3313261118,Red_Lockey
1831335227106766848,thaovy3979
751684491584741376,kakKelomang
1573977437913829376,doakanyak
1176715477181091840,Jentiana2
47990446,Dhoyz
1820545346654904320,juraganqqsuper
1216338208075603969,GalaksiAntartik
1525355309614497792,aichizuu
2259608504,truthergy
1629288294008918017,curvabax
185918035,M_Nur_Ridwan
1633795533843357696,itsme_wtw
1602277696159248384,AndrewUngko17
1282574571216887808,rchmndk
3285307790,grisnly
1373275046970462214,Tatarori80
226830732,marzdybuum
1438185885942484993,LarasWa2529
1778222582539673600,AU17Sportidn
1119437046756433921,sunsetglowww
1254156357747400704,MuftiJiln
88580915,AgungPakdheID
1257534032599896064,Hdwit2
1256154015450066944,shafetyana
1593036065862221824,AlterEAries283
983959012486991872,azzab56
267593372,YokL97
1142476815027490816,SekarWlnDari
393177109,yusti666
3188392104,Football5star
1210441420550467584,Mwrmwran
198755387,auliadhee
1085327695,itorijal
1715223728114802688,ocehanhn
2391881023,FaizalSoekamti_
1378480537,ThisHerlambang
1331844710957162496,GTRoulette
850803689447194624,MSyamsulHuda04
1822908097540841473,febysri_m
1569012603854405635,txtbolaid
562514542,a_ainunnajib
790211713597517824,IndraMahardhany
1590757639088050176,bossraphee
1443817070089564167,marrtirnez
1396151985989058562,ames_krupuk
1600350811367694338,senjani_sabiru
1755597253459460097,kang_iqbal2024
1785718696868261888,MulyonoDiRajo
1680517181778595840,AnisRiska353750
381974593,Nrlepratiwi
1564414575822270464,dhidywibowo
1152110797293670401,mynameprada
1460221941210497028,football_iz_ID
1807643956177784832,bukankimjongunn
1282189671728967681,wongkhojin
1797021932568956928,Piwbackup
84221579,narkosun
262138219,laodemuhiqbal
544780626,indrarakaa
130447864,teukufahmi
67492553,adhepur
67131700,erwnw
1266394407676162048,yulian_au
1643176355205623809,peacocklions
1784263084997316608,Silfinov
1683761464694407169,adzkaaa_19
243136211,tonisrukawa
1605528409433853952,Ohajayakaaaan
1573654530914684928,santodipuro
710300744,IniDenny_
1801542546386259969,windalianisari
1141346116807450624,chinguyaL
1795728711054155776,gurlinshdow
57546454,bismoagung
92893094,dinnoardiansyah
1219099542756319232,LingkarOfficial
1756220025374142464,warna_muda
1161163642437378049,riddikulus_19
243308337,WarkopPituLikur
1785935414836301824,deondewt
841234687,irfanmbappe
1298813513889013761,DhanikiddrockMv
1287337541935362049,bulanstroberiw
1603599483417133056,Trisnoaku1
1564990450238230528,Tuyulracingg
1171439735912325121,Ariskha02
1567972773611577349,UsmaWidianto
178170254,yusron_dc
2258500369,fauzanamrllh
1802829473487949825,striiiiiii0000
59049938,zonabanten
85985685,cappimpong
1233375189850705920,lapangbolastats
1538554192763432961,your_boba28
1412188620128018432,villainimmk
1623464166932762625,yoyo_ateam
3309011785,Alkatirii_9
2256119810,heytataku
1307291069168582658,Nahnaylaaa
1456840097446326272,KakakLap
1462588293644619777,whatdoyouting
936646336811745281,bintantodaycom
1186924460588191744,baca_insights
1557365804047314946,sugarlatthe
413888550,abangbelneg
1590652106012209152,shelzhra
505617069,VikyVeovinza
1366971273746604032,minggudesu
1609747027474403329,heiberryofc
251493491,tebelams
1009332834681516034,kacamata_ta
1667415204081328128,ZulfirmanTj9
1707532216568541184,maartenpaesfans
1709761222558777344,cknameim_
298348580,glowinthedark_x
1264767916370608129,ragheeell
1817879318577790976,KunKunKunKlan
342544895,Menik407
321843471,vrdhmrh
1526788573,grimsss666
82042655,panca66
2716452043,kucingjantan_07
3309693168,benhardin_
204164790,Singgih_Jaya
1387458290703949825,boulansaebit
1578746185329782784,saiyaay
4810727053,jarkiyo
1210350442447720448,QilaScribe
122645257,20gallantoarbi
752990583858298880,bahaspemainbola
1184680811917762560,ruangminimalis
1685165367583485952,Ariiady
1817132070474534912,SIXASIX680377
1109814996039405571,csn1207
1531341312166723585,warga_pkb
1648909230546759688,azizikram_
1716825496636514304,dhnfh_
1797477215338475520,notevenpluto
1095947637428084736,virusketik
844301765826691072,serifruitiy
1512674656654065664,wooshxik
1683333351615401984,Caarc12
1577330247283879937,hildzes
1569178154119610368,wooradin
764017933,m_sanusi_red20
1198761919349346304,sulistyawisnu
1104309506,jamal_formigran
1443599645159014400,pearhtree
955924453329747969,ExpeditorRasa
1752386263146266624,rafasw0987
1623262684627222528,0x1gennyajihan
1759040968320516096,elga_erlyanta29
309035573,marwanFC
1623227525978816517,_reun02
1757917232909488128,upkebenaran
99940075,RIZALRAHMI
1796098586683539456,tukangpukul999
743505426898030592,Barna_byo
2610969930,chaya_indonesia
787409165593436160,AfifFuadS
1450974286710132744,sogeumihada
1269261062119055360,kyudiemoonpie
84817753,afinyulia
1513461456234487810,nmsy_a5
1476520223230492674,isaacxqf
1628156448965541888,realmadridindo0
265333912,L_rain05
260292873,jupriantoalex
894052290918838272,sbenchid
1682699825274580992,momotaros090807
1696745093557039104,cekinganakbaik
120668311,ibnunavis
1466435787050950673,cikiboomm
1831026048378773505,AbdulSahid54042
2942590957,mrioilham
1565929560906289152,punyapiyeo
1615587554954469376,DausAgustusWin
66769720,tanmalika
1187268278667755521,DDwi215
228936714,rolandnurhadi
1296676758616338433,mgsrrr
1020777734807609344,aroundsat
1268129205448925190,yuzumiyazaki__
1110102088460066816,Sahrulstaare
1087757326340116480,Oyonk43710108
1770971320538537984,klaqliqkluq
1797565466648657923,benedictyche
1722946999241359360,Seraphio26
1737466624041762816,CulesxSone
1817816511656169472,niahkubip
1260760299038101504,GilberthSun
755605324594225152,rambochickn
1234036944192954368,Shihant_ein
1119937992783622144,agnroo
16491716,Jenniestale
1770823787518275586,abang_siomay21
1474798344769654784,moonlightgbl
1698217536284934144,kurniawan_1287
1826113855933788161,kojekk73
1053237064102117376,rullesss
1819344212867121152,istricokip
3298771752,wenzdywalt
1155111785298423810,bahariadesyukr9
1759608424730599424,misantoso45
175372580,Ambararrum
2614585728,ArieTut
48375865,iyamrenzia
1112039983722856448,buzlaigyear
522973300,pasukafn
1524781420811808768,thisisnone
68089302,Bayu_susanto013
1552272186840616960,agusf9112
1264604361801388032,FadhliNur21
56741381,RomaIndonesia
724286936182063105,proeduksi
1442906382,zakhariasatrio
961201507377954816,Egikkantesa
1375969545249189889,peachnite
1287191970863955968,SocOpposition
1554136030705381376,ikandoorii
204324756,fjohnmitski
1976053010,RicoGotik
1417826717809270786,ry00751
1691122137082593280,vinneedd
121657158,sehatAQUA
269906448,jurnalisatletis
81079030,integreet
1663497314147897346,Albiru942
1825951765373894656,afronzo12
1311163085135069185,exodabest4
860175444254969856,meenggrumpy
1817068773511430145,JuraganDiy
2344851252,septiandii12
4246970473,cemaraaaaaaaaa
1967931751,papoiiiiiiiiii
458181034,Opetals
1318468839147937792,flosavennn
1083952479207714816,Yendrasony_
1432881302433243139,miyyyowww
1525886757123674112,hogwartstuden
117359793,PerompakJawa
367294641,ibamhariri
1658130441415557122,dinobantat
1103886163482357762,adhiyasaputra
1323723042,deni_arifiyan
828849460100804609,penyair_lautan
1740763495006932992,ruangpundit
1283834083458465793,Fahmiww1
397848305,Sulz_ID
2198720808,oldkyy17
3118917274,abclimakali
1343404153104568323,iel01_
1628997364286631937,aprim4973
2699352684,gilang_jatnika
1540839813590286337,BolaSulawesi
962747065477419008,Gilangabjulu_
1540706643327188993,Arisu__18
562057684,ADheswa
590187538,tkngopiganteng
1046896551510007808,ehjay28
1062508051,sotokarang
186969277,rafiprasetio
1170174225648238592,vllanilla
765555217089830913,punditgagal
1266785495834456065,MolyonoSlamet
1582555475303809025,akalpedia
1364105415705776128,JKT48Terbaik
62847252,peacetroops_
2717294929,davidpriyudo
58416427,ABnugrohoo
1951990544,avivapip
1449211373401952259,wecantalkinhere
1400259771001802754,putristray8
1680481441023664128,JustPhVi
368737711,DamarLeonardo
1413743079014559746,peppermintbutl_
1782402615848075264,wensayne
1361118330292084740,bhoomisky
535030558,exomolar
1278996341008371712,nababastala
1097368798892503040,Ginclong1
300650492,TompulinRoffa
114478093,RohmanNisfi
1687510529445896192,zainal092022
1093156598103429122,sipalien
1144224308,hanindya_d
84942983,cirengsaljuuu
1464940422787072002,pemisuh_handal
1034443968,KiluaAldy
1416313630925234176,ayayieveryday
1343623153327620096,alfielshaarawy
1509897593115246597,suryabella20
1603263847342559237,InKurtUtero
1609715829305929730,kimmliaa
111922468,wayankgokil
1693871050042544128,aggr07_
541375173,Alard610
859391003651784706,sulebikers
1486284086,bolacomID
1614470115210457090,g4b0ng0ku73
1682638017142611968,ahmdyodi14
1808270517700644870,affandghoffar
1832063506331611138,TrinhTrung37828
1680132446543835136,KumpuanI81213
1434545546409091072,thanhHungw
892036338140143616,Jimin_101099
1631674409282068487,PhuongT65403017
1516514171273490432,Rilmp19
1388399396,enamdlapanjuah
1831721989855440896,huyminh16111
1147895695141031936,MayIrnawan_
1832070901145411584,usergtwsp
2849792108,ecjlairs
1141547074539778049,19I899
1831287444203012096,BNguyen80258
1444315955757080583,choymarkochoy
518279997,infotimnas
1816727792823980033,sukaprediksi17
865841581189758976,beyavior
1804796065029541888,thnhmei171574
1831396450900852736,Minh11138
1830145735020711936,Tictic117657687
1831572871321366528,NhanTran441611
554438320,Lelaki_Imaji
1712790737501454336,Nhn24905332446
1832066867487547393,nguyenkitt2300
1831674608162107392,mytraan223565
1156947727927824385,AnamCecep
1498102675,Galiandraedi
57979170,dikadallyn
1330719665367048193,ur7abibti
796447564925059072,Lucu_Terkini
1592379878845730818,fhindo_id
1746060919585771520,TotoPokco
269673020,adeilpsmn
1435683763741147140,FootballReprt
1425978017638019078,etikakita
1477298035465986051,Bambong31Sukses
1078533574201008128,sansan_3110
1240472109832220673,juraganmci
1765995652683595776,azaa_vita
1746439968871059456,aminsuriadi9
1749734454766284800,Er92989Eriza
1749741152318971904,itamarlina37101
1749743901592936448,gandasuhan55591
1749741568129675264,YAwaluddin62464
1749742286395883520,saidtaufik57843
1749751204652122112,AsriadiZul
1774842403603763202,MAXSLOT99
1820686714832388096,ngakakbanget07
1749751226940674048,AunulMardi77156
1749840787070963716,D8401Dedek
1749742247472762880,mohamedsam42531
1749751619372388352,NiaNiayunanda8
1092638848872439808,Nisa__Indah
1749753157272625152,RMusneli
2777676881,sintanr_
1757676708285816832,cenzaben
1464596330421100548,peanutkacang123
1576913175227748352,dekade_08
630979148,teeadnu
1823344801460445184,Dmarketwebid
1829859512842395649,varunrana86
1287642738683342848,berita_diy
136628637,kiiroorigami
1818500389999874048,berita_dragbike
172671827,wijayaoktaviaa
917389025375264768,budi_bayras
872175115793858561,RcyberProj0
1578383007349501955,Se65138308
4627725434,48bolaID
1386659550,danz_gants
899988366,clergyman22cons
586507784,wancuy19
117427646,radarlampung
153667051,bank_indonesia
1723584832662560768,DesiJasmanidar
1221029518703415298,englishwithrnb_
1709764930797486080,NurliliP66465
1709854317279412224,MolidaNidya
1709854678480269312,AswitaWahy70570
1713043063487258624,SNurmimah
1590956403639959552,hezroniii
1734847719167184896,MadiahSuriati
1764537907006910464,IrwansyahNov
1736685683014856704,MonaliNovri
1744196306900574208,SalimAklis
1831868340568256513,dung2503205
219527452,suaramerdeka
1800392289464004608,pengamattakraw
1404479914053574659,DodaxHanung
1787797770675593216,jlhrpd
1831682125407649792,HoaNgoc773360
1529251039257722880,DanhTru63630515
1829923457536311296,NhtMinh1310577
1622542817955557377,AlternatifYuda
1822558533059223552,news18889
1820688899133595649,NguyenQuyn93111
1615364358607089664,riyin_cik
1605286471866257408,tynthanh22
1807610687822434304,lumayah92851
1827988605085908992,TrnNguyn828422
1476752731943538691,tamthanh101122
1804871223580708864,eryzscarf
1147459648091377666,Tam221110
1286119595372249088,GunawanSerafine
1480089275605549057,galerimaba
2271605521,ulfabinada
1732304882177069056,bolaslot_
1831667283112161281,quyeb267748
1738466478591188992,bolaslot88gacor
1312433914883895297,volennfo
1830627849583341568,minhtrphm254200
1822917224199520256,subuhtoto
771030588,KompasData
1146976011289952256,beritanesiaid
1819171852616716289,AgnessBom
267060883,RA_leather
1809209503361179648,beritabb855
1735114378645745664,bbksda_jatim
2228009414,itscrowsdenim
1817770303839477760,Uci_88Ku
2215575768,Zie_Farell
1676577804392222720,berliansaram
1672182397658619905,inikamindonesia
1805952955058991104,Semongkobetofc
1818189297474035712,ariana_vin64757
1682055978211217408,bang_ul17
1351540886648209412,akunpuserbodong
578701152,ayuameliagustin
1638175374218788868,diberantakin
1140984421698306048,walikotapatriot
306924335,amadhazaziis
1133292570606493696,MazinMochtar
1165900976286388224,musaKSQ
1564516383098273793,Wnn4be
174128129,footballicious
1790686429108211712,yat0gel
1409423712042979331,mbarep91
1814386720525393920,R0CKNR00L
1683358972882063360,neneng_ham49754
1682659145936408576,IndahAstut84821
1539948064651513856,bbelino_
1810301467422801920,footballcenterx
108626627,MUNDIRLM
1121322840983097344,Oohsunny14
1823299493363949569,Anitta_Renata
1445367931181813765,YusufAyaf
860337344372555777,tomatskill0
1427103474060185602,hendras79127758
1820287871447904256,nayanaagustina
1819195067552485377,dandidunden
1818900438563127296,albijarmoreno
869519496687435778,dey_arasn
24000519,leonisecret
1339874174760747008,hamsinahasan_
1790273763642318848,Bopak_parlay
2835487723,WayPriya
1728137105615048704,Nanaiky142330
1615137168456028162,portalbontang_
85066859,an99ik
1471457518786285571,Feyyy_X
3167539908,bokdalas
978593214125948929,lyfesdgtrouble
1642533039623532544,hikarilovebec
1819637306514722819,IK_Tampubolon
1763575476168409088,Xspektasi
865037845060354048,AsupanBokep69
1344890628992167936,penjwuaL
496814772,TiyarmanGulo
1807820055759183873,alev_irfan82408
1720744978975260673,RaitoRisuna
1512319379593052160,goalhumor_
2794327166,MafiaWasit
1552590340959649793,Wira_Hadi07
1090988621451034624,NoviyaniHilda
1794297861926170624,Hedwigusx
1821331615613870080,yessicurn
1814302451824226304,Kabayanprediksi
1821021791416139776,DaniKurniad
1500900710577483776,kembarbola2006
1630755589495349248,RajaHadian
1820289404029767680,trgnjann
1819599179741908993,HFatima25988
1680769030859395073,dwburhanuddin
162475503,hanavirus
1205685867567702016,altruismqt
1804172172665249792,LPoejangga
1795282068005629952,Im_abayyyy
1134190536,rahmadhan_rio
1793842203661676544,m88indo
1754400798174511104,SpeakOneStore
384847145,nirma_VR46
1766027930722050048,babulkabahsda
1831689395814199296,Duong320656
794216533413150720,_bersuara
1611225659589918720,MartabakBukit
1523269805058322437,wonteni_loker
1091258963507654656,kelbyzufar007
1827437264198336512,ezMony553605
1204755444939444224,stupitdah
1336322212823875587,jhyoopie
1830238518544850945,QunNguyn724578
113813613,iannfirman
115936810,tribunpontianak
3039022561,DesPiratess
311797430,r_ya02
2241287372,mbqjgblg2
867509269,dayatisme
1807669392974766080,nabsbaby5
76699538,WarungZN
145492923,My_HydroCoco
95139698,shepherdst
1751972157595545600,slf_alma
1727243417766580224,MerdekaGaruda45
1727529109168046080,Nuansa_id17
912326574984241153,rmeigaa
172618282,AzizSugiharto
1461622254136037382,AkioooId
1639676484,ypazyro
919445770968764416,terangsegilima
487243948,Flyingfighter27
328822403,mitaagustin
145120983,kkmanti
1132564502153580544,polseksatui
1078471153,indrwhyd
1756270757305569280,false9nine9
536279249,ariswinanto1
333246607,Hanifditya
139595892,WOWMYU
1611632978349920258,bangepo24
1264093518357598208,jebreeetmedia
1668186511127502848,funsalll
1140999787170242560,kentangnyanayel
57990507,gifarabdalah
1817850962356408320,PekalonganOpak
1528290722683981824,PafaRoTTe
1825296455965581312,blackspiderrs
1825299016508469248,ngakakupdate
1397552930555760640,marsilahka
1813692105212260352,tobrutdaily
1797642617980882944,noeltjoeanoor
1746613391521955840,visual6447
1688158359663661057,JhonThorX
1422507599832879104,yabsiu
771182317616246785,sttruick
833234506391777281,ddoo_nh
1706540488789229568,SUmmat24
1741792231739277312,tangsanhammer
1605120474064646144,KTP_sementara
1593351990842515458,Nanooooonnnnnn
3134093443,dioristu12
1779695171506192384,rianggaXwin
1090263619562950656,Mahbub87864541
737812514,rikomrv
938535129982447616,jadiginimas
896376790104522752,jimiwicksn
1438321495470587904,holywengz
1183923847872958466,tgrsrkhmn
1976201678,ngadax
826255030067933184,Suminiiku48
1478749049054326784,ahmadsofyanw99
2971273064,riverbricksboy7
1017270635465043968,Generasiosing
1142467418834423808,MirzanaMusadad
1318865804591386624,Ntoetbois_19
1822275546979713024,SupportTimnasx
1364282244177649665,EgiBallah
1237380786988302336,Fjbarx
1424995565083906048,novinda_g
1762337320077049856,ukmsbunair
163149784,heeyima
1548040875879858176,JinjinTicketing
1604162634277801984,doddnyy
866865853983186944,myeufhoria
2886329238,Thoriq_boi
909370039,Enerti_
112341899,arienovs_
1515456721212555264,greytwoone
1417390664401121282,lettuceshine
142305302,tribunmedan
1385903305570746381,KickNyo
1164183009353859073,imfebbb
218100348,Idho09
1122917377,pingkanaileen
1415835367,bangpoerslalu
1317914166892453888,brii4uuu
1133311906976952320,Catatan_ali7
2946571494,vinasti7
1356426300,RMadridMads
1660523862629699584,prelovedforlove
1791789500093661184,hyunkey109
1447400202801848324,khaizeure
1596138043693408256,Liverpoolinfotv
1780913315121971200,RiauNewsOnline
1555117383572135936,tepian_lapang
4611151032,budicahyadi168
1749615574337171456,yerindntli
1806335153842814976,dii_night
1347784962435473409,hereailyou
1754559518166724611,Grock230
2391488281,GironaFC_IDN
1375136790550433792,geertzleea
1681860728880500736,SedotIngus_Babi
110573656,Drixsetiawan
1549761457943810048,TurahnoA
198084488,yanto_moxoe
1833010846777434112,mubar92835
1693119693824126977,G4C0AN
861978531282075648,mojitoleci14
1525704872037068800,daenknyunez
1534752505120247809,Rommyrafael13
279838331,Maldexge
1655776952148721664,brightonfcinfo
1797142275254030336,nadaaisyah_
1744625096738877440,kalcerku
1478616911030091777,TambalBan87
818341300797722624,PoldaJogja
1762541644799414272,FauRifki32407
1598688500483706880,yo2k_poerb1anto
1600700502546665472,MedsosBiz
1820780754403815424,cek_toko_oren
131395589,mabuise
1823739733320912896,KitaIndonesiaSt
1529501386534436864,iaelipiayo
1612491667227148288,haris25udin
1460040156287623171,reinloiv
68375206,edorusia
1084843437344452609,iiqballathrr
942444182479572992,MahesaSyilendra
3032664960,afahmyy_
1752531251121246208,ANR_Gitar
1314700287840382976,justbemineu
174631261,Kilat_com
1610145128685129728,Putrapermataha1
1606171602793934848,kindafreakhere
95875031,Kurang_Seribu
1914372116,citrafbri
1279804428724211712,merapi_uncover
474998753,squatgaruda
976119045077348352,nuhabmujtaba
626596177,distortionbox_
1715816298469576704,HansJ92714
294698022,aliefmaulana_
1831064182336393216,spicyytarow
1295310997196955648,jadijago
1717850323346399232,BantenViva
1790205779766849536,baladewa1945
1833075174880796672,Christiant80491
150203529,Utuy182
1262113344346972160,Retrouvailleste
122273188,franshawman
1759134672628731904,cantik0109
1132896396963565568,aditiyadimas_11
159447171,agm2424
2266726963,zheyalipa
1142034394669969409,adetya_nr
1350660001623281672,iniadalah__
289218381,octadandy
892058217752047616,sunar_ok
1474445235912466432,Perspirex_id
2825144982,Demersalt
1821392782537469952,abayujisa
1818083842760253440,Shasyas_
739804424692895744,zheyalopa
1629150270302347264,Alatevent_JKT
1763501180590903296,rendi_pake_i
1801149913134465024,AttalaRizk
1801149291203117056,SuhenNanda
204709090,rwardoyo
1801143524899106816,BgBagja
161974704,kata_ady
1244164157861068806,Murijst
1260150257913982976,nazwahumairah1
1697226697530327040,Szbiannn
1207094890040967169,XtraIndonesia
1675158055582056448,_ashella
224127003,ahmeednur04
1217490884565991424,BrianPriyadi
1178900880,talkoutspoken
168398708,yudhie86
871739849446801413,papikau__
1236226916,mzainefendy
110125395,arditaher
1813487493523849216,P4170C5
1593817897679216640,oweooo_
1224264141860298752,Aku_MohArwani
1800078157078478848,everykevlife
710471704351547392,AkunComotan
1336168165,KulitAyamEmsidi
1195635571189673985,_independen
1819689440908083200,navacita
1801224337338621952,XpcEEC
1540077648646656000,jukmachiavelie
1534470947796750337,yourbabyxxx_
1564783702084689920,padamcricket2
1672201691893211136,xxinuyy
704203839575031808,haruyataby
1832972676786466816,panca212519
1027625056724115456,romafitos_18
1790579655185186816,DarrenGree88559
1405494967628230656,Aghniawan24_
1464132600604381185,JurnalNgawi
1681271301804265472,kiranafamily952
965904920896356354,ninichingu
1821790384240128003,pencariberkahh6
1821791062337449985,cuanselalu69
1512404611,rian_chandra48
2406650580,azzamimaduddin_
1421773952393768966,cfh_tien
1832759225803763712,DuyHoiLm141
1696426676065038336,seketikanet
59922719,adhipriamarizki
1823225136088289280,AntiDestri_
1827913308873392128,asepsop55
1762378904885686272,jafarmahardika
1831665928062562308,SiswantoJa
1592539650811625472,depokwk
630205515,pandu_mahendra
703135173672460288,AFCIndon
1601228077635612672,kiyowooo331
1754999290941124608,okygroupofc
1782977746047754240,cosplaybola322
1590196808260587520,dharmaboys1928
1534730652636958720,Football_Time7
1261682608804524032,nonudotngu
1755589748239044608,man07_ip36818
1214448836430581760,mommypiyyak
1813139984385515527,jedan2308
979873077977731072,mad____dho
1754881401143365632,OfficialXrtoto
1387145090,hidayatmukfi
1628078682907746304,arifa_cindy
1656268810008281088,AgilangJ29
1565311262497845253,jasmine_putri00
1468180662679220226,AfiyahKamila7
1833878330321645568,sukasusu111
1817623743432376320,Wahyuoey225224
301373264,LyaNajmi
1194940807020630016,Belkavinren
1823552128289529857,rinua_aj
2512723332,pongawa12
615983217,cahwonogiri1980
1645303650775101440,prioritastv
834471318426841088,ZahrulRinja
1054847124,v1ncnz
1805462267896762368,atmagama
1820765769514496000,katamotivaasi
2892494634,arief_cuon
1374280231,Mrs_fm07
1832317936633311236,woilah_8
1420316744929869826,mrsrainbowsunny
1789971311227551744,kerjaterus16197
1129220102094708737,tsalmoon
1599296292651294720,NodusPurkinje
1059936985,bimadimanggala
355244120,hateisworthless
2884662368,crljoyyy
1783864762922909696,rrosyyc
820287661168476160,whoismeactualyy
1739263378760290304,0xnpcnwin
1739556608261459968,hrsrchdsn78
1568933655841734656,FadhilAhmadMuz1
1261180994842882049,aneq_s
31337976,shiragita
248199104,PDemokrat
964117036975710209,kringlonceng
314412757,kochy_ochy
811481812429983744,pipelofx
1820449336414867456,twoofus_20
241900443,DanyYar
1526069346715324417,fiqryfauzian17_
1304372603595837440,bukupembaharu
1489133073778102274,AtryuRafael
1051583368402366464,651Safa
1567821898733715456,KhalisnyaOlali_
1828628364120465412,sionrabbits
955627140,ericko_sinuhaji
1498981735144783875,mariwinterus
247277409,dewi_darmawati
1108204199081201664,filosofisabun
1036588863441973248,FahzaSal
1693036495379238912,Seputarbola85
1655265184238403585,mekanasirah
412813306,seHARIADI
1801209415649136640,yroceaneyes
1261620960123183104,morizkaaa
1343742675783061504,toptorsag
314382564,capriceorn_
1543436769383055360,belanggun1
3035440657,dm_teguh
345800281,petitpamungkas
1165880543218528256,thruulala
205731128,hendjos
1114677141658951681,neeetnottt
1499001823012605959,cahhhkangkung
1740705195083137024,petit_pamu23466
1162367225895854082,buncisrebus_
129546903,robineray
3233225184,Kubesh_Twitz
105128089,yunusbara71
1399450265489592327,efekrumahkacauw
1814332107315191808,BersamaLinkbola
154935802,ndakpayurabi
1363507050748157953,enzz00o
164036886,yogiadipras
1187539880055717888,Nirmala_0106
1794851996534730752,Deaendels
1817986837430124544,NetraWarga
1232316295678328840,mmrmetta
1747177044159676416,Airdroptroyyers
3051888750,kutamparr
239762375,kontrahegemoni
1812533499569815552,bergerak1912
1241485621694050304,WhoThisMenYet
1684359961864970241,juneetttttttttt
1823374673213804544,NhuNgoc162
1043159021035765761,apriadijonli
1115526128855343104,nitaaspc
1030828861,Bryan_Vermilion
1163081966243049478,txtdarisender
2410394070,honeeeys_
1764986076647796736,OrenBelanja
1044801154750795778,wangnationz
197509531,HerwinNaga8
3246306083,25ddmmy
469176855,hapid_02
249539422,epiphonebatman
1622020784,AaronBarus
1305897711938318336,lleejenoiiss
1297074417118228481,FirdanaRaffi
531111856,dikasaurus_
1657978870556147713,SuperGancang
1699686714355462144,bluebiesies
496154169,lisalebe
837100894038573056,sunkindle
1807007324583972864,kakaateng16330
154843002,talhahcyril30
1357431833554657281,chishaki_h
1196984993362276352,valentinesubak
3166682862,onereasonnathan
1660052971,nf_feb
825545309996478464,wildayaa
1780523744450228224,Vuthibachmai
833782256837681152,inidataid_
397712739,Wisnuuupras
2364124814,lovebirddsss
1795441962805547008,mieeelidii
403431268,Gufrondezz
1683374423326457856,pastiiihalal
1098064080848379905,kang_cukurGL
1752258769583820800,giahuy4578
1352275572299206656,Asmaradnta
1248973552260247552,siiSireng
1833174380257710080,akunviralnihbos
1738234324586258432,dnrhd20
1705955274,irwantodwi_17
1075813832084180992,HeyIlva
1620396119112167424,awaaanputih
284428760,Indomielovers
1225783245360398337,stiraaaaa
1476253530,matchadango_
128519553,Nindi407
1832527083559686144,Awalfajarself
793743094332157952,badutkentang66
58880688,pikiran_rakyat
1819743861683707904,noturbububaby
1643453165986275330,CemCemSnack
1739629421022388224,Dewantara_1News
53952504,mupskey
1794235024411340801,kayuumuda
78095906,BakmiGM
1651174261254688773,wahyuselfie
1654167975744901120,_alief___
1710765092,metamikha
199137409,MrActinomycetes
864494869464489984,Ozoraja
170609900,DPhantomfiend
1011718303889276928,diptaa666
1172474973211856897,Cimiith
1586047451194347520,miwonniee
199335635,wisnukunt
2230981904,henilistiyani_
1514678590725828611,GenuineHeart11
1744893168322322432,Eelsvrrrrr
748157840477433856,pakarkampanye
1219375372082397184,andriandinoraa
1777011475825274881,boy5se
106008053,elisabethn_
1085794389916438528,anggiespov
107304990,lanodemank
140051054,kata2bijak
2426940355,SmittyJansen10
1448961418506559491,SZJEEE7
1787788662295683072,Nobody_2811
1524989420352327681,neptunelzz_
2375098686,Wahyu_Khairul_
493101260,CelvArthur
79925043,Nauralalitya
1307029804877668352,alfayeddesky09
1740382330458632192,tavwarin
877639386476625920,jelllyfancys
1297395405747970048,yourbbypie
1247100530628804608,baeklighttt
1469438252,f12xos
115277798,DaizLaOde
3841580598,NinikSito
1111230216641212416,Loveann67
1293594081134694400,bukanadav
1310076742854303745,FineRich_
1627731029032337408,as_wahyoedi
1833273226832842755,GreeenBoy2993
1509209697122852867,zakky_bodong
1233408865284132864,obu_kamu
1426201025698942979,itsruangik
1833532972676558848,bybuby_
757748744443928576,syahrulftzamani
214159664,NalarPolitik_
212066675,OmmKumis
1283522432,sosmedviral_
1735320152164720640,xantai3004
1253294564019965955,AsmaRai343
1427184104513019904,bikainpipel
1383558109,rudolfvck
2689639556,FaridAdiSetya
1334035926230597633,kstari_
865968633956020224,jungwonsunda
359311572,bnetworkjogja
1146809168419966981,ynaprdn
1449199199526948865,maliku_d
1295558839983468544,SalmaTours
1774534408768557056,koentji_waroenq
1571784088901623808,albertcendraa
939550848123748352,Polarumit
177972454,dearmeika
113292081,Victoroctalino
1646553267768549376,pcetryz
1242628840016338945,dioctoberrr
1604019750874812417,FitraYouse
1687821167376424960,newtizendotcom
1145679154525818880,chocolatooss
1188740950723399680,meibulanlima
1579839284,LukmanulHaqimS
921986037550759936,wlfdeersh
1737715725203361792,orielversteegh
23040579,farhansv
2172387852,CoachItuPelatih
3307009789,ciyesungie
327855508,lazzuuu_
1094292778601705472,ADISUJONO01
268196774,safirapuss
1803867709056405504,Atharadji9
121640063,RadioElshinta
1542910488853368832,muratyaqin
41161182,Lazzuardy
363762306,erlthromycin
1805667284406648834,NijwalI71191
1782106902857732096,BaliToday_
97436032,ben_vamps
1205070562411741184,deruragu
1249587376759824384,drunkissd
1798689185840410625,teleur_stellend
1545584323641765890,streamingdino
1709549412895305728,anwarraden25
1474762869023522820,WidodoPras01
43055975,demcard
1430344682484027394,idolsapaaja
1605802505551564800,dekilofthekumal
863058788,dearmyluvkai
1165484549725310977,intpxcapri_01
1786955245983281152,bukamatadotid
1385513704322600961,ThePhraseID
1407194347909513216,lontoonggsatee
1806361003967561728,xxnathie
802116267251351552,Muslihati90
243900044,suvid26
1827278568679993347,Ouskatv
1098950523133161472,heyfannnnn
1080713141896400897,pritaadew
1466060594130436099,cover_both_side
41122189,retnoayi
229791884,DavidAriefUSA
1786320717690327040,MAYBKANA
211508253,NickhoOliver
525991160,rixy_uciha
513712543,zulfadhliashari
1627838480461205505,rakyatjelatw
1255131669176041473,sanggghm
948505518535991296,Tokocrypto
1686567068533981185,balyabinmalkan_
701053971561996288,HazuelX
1402588620356161541,ManassaDaeng
23187210,puguh
1725579139690962945,jcc_network
1076653386294939648,cloudsdya
1258604037269630977,citrasuara
516214857,raudah_siti
295609862,andresatria_w
390496884,Nara_Mutiara
1727687634787737600,xrarmara
786112461866934272,LutfiAlhakim9
1212414667051524097,tmissu11
902083753605980160,pluang_id
739813992,PANDJI_HITAM
1731571289264107520,poppyhuntern
1725942108476084224,Bersinar2023
1569172510561955841,fransuna03
795612138798661632,rahmatparlubis
42446610,Ronin2310
1830812632263327744,eskaary03
1643241730643460098,blikomang22
1815412051302596608,just__rndm
1795218601731088384,indonesiaa2z
1559840345826791424,sukaduabelas
2802655531,mrradennnn
1395082016,pravasta_rpp
1023067027752140800,panjisubagjak__
1826052867754688512,Muhamma62165057
1398846820818636806,nastarOXOX
235931838,kangdede78
1392091212018978817,AqiaqiH
